[{"store_code":301,"store_description":"FairPrice - Tampines HUB","zip":"528523","txn_ts":"2020-04-10 23:59:22.422000","curr_hrs":1.0,"store_status":1},{"store_code":305,"store_description":"FairPrice - Bukit Ho Swee","zip":"160050","txn_ts":"2020-04-10 23:57:14.670000","curr_hrs":1.0,"store_status":1},{"store_code":306,"store_description":"FairPrice - Boon Lay","zip":"640221","txn_ts":"2020-04-10 23:58:08.207000","curr_hrs":1.0,"store_status":1},{"store_code":308,"store_description":"FairPrice - Bedok North A","zip":"460212","txn_ts":"2020-04-10 23:58:53.627000","curr_hrs":1.0,"store_status":1},{"store_code":309,"store_description":"FairPrice - Bedok North B","zip":"460089","txn_ts":"2020-04-10 23:58:36.521000","curr_hrs":1.0,"store_status":1},{"store_code":311,"store_description":"FairPrice - Bedok Reservoir","zip":"470745","txn_ts":"2020-04-10 23:58:19.289000","curr_hrs":1.0,"store_status":1},{"store_code":313,"store_description":"FairPrice Finest - Bukit Timah Plaza","zip":"588996","txn_ts":"2020-04-10 23:59:04.757000","curr_hrs":1.0,"store_status":1},{"store_code":319,"store_description":"FairPrice - Clementi A","zip":"120451","txn_ts":"2020-04-10 23:59:01.860000","curr_hrs":1.0,"store_status":1},{"store_code":320,"store_description":"FairPrice - Clementi B","zip":"120352","txn_ts":"2020-04-10 23:58:04.802000","curr_hrs":1.0,"store_status":1},{"store_code":324,"store_description":"FairPrice - East Point","zip":"528833","txn_ts":"2020-04-10 23:58:01.917000","curr_hrs":1.0,"store_status":1},{"store_code":325,"store_description":"FairPrice - Geylang East","zip":"380114","txn_ts":"2020-04-10 23:59:31.046000","curr_hrs":1.0,"store_status":1},{"store_code":326,"store_description":"FairPrice Finest - Hougang A","zip":"530202","txn_ts":"2020-04-10 23:59:08.072000","curr_hrs":1.0,"store_status":1},{"store_code":327,"store_description":"FairPrice - Hougang B","zip":"530682","txn_ts":"2020-04-10 23:58:59.056000","curr_hrs":1.0,"store_status":1},{"store_code":331,"store_description":"FairPrice - Jurong East","zip":"600135","txn_ts":"2020-04-10 23:58:35.817000","curr_hrs":1.0,"store_status":1},{"store_code":334,"store_description":"FairPrice - Jalan Teck Whye A","zip":"680140","txn_ts":"2020-04-10 23:59:02.642000","curr_hrs":1.0,"store_status":1},{"store_code":335,"store_description":"FairPrice - Jurong West","zip":"640498","txn_ts":"2020-04-10 23:54:38.375000","curr_hrs":1.0,"store_status":1},{"store_code":341,"store_description":"FairPrice - New Upper Changi","zip":"461057","txn_ts":"2020-04-10 23:58:27.379000","curr_hrs":1.0,"store_status":1},{"store_code":348,"store_description":"FairPrice - Ghim Moh","zip":"271029","txn_ts":"2020-04-10 23:52:45.741000","curr_hrs":1.0,"store_status":1},{"store_code":352,"store_description":"FairPrice - Serangoon B","zip":"552152","txn_ts":"2020-04-10 23:59:08.185000","curr_hrs":1.0,"store_status":1},{"store_code":356,"store_description":"FairPrice - Tampines A","zip":"521107","txn_ts":"2020-04-10 23:58:44.244000","curr_hrs":1.0,"store_status":1},{"store_code":357,"store_description":"FairPrice - Tampines B","zip":"520475","txn_ts":"2020-04-10 23:58:27.960000","curr_hrs":1.0,"store_status":1},{"store_code":359,"store_description":"FairPrice - Telok Blangah","zip":"100078","txn_ts":"2020-04-10 23:58:49.547000","curr_hrs":1.0,"store_status":1},{"store_code":360,"store_description":"FairPrice - Teban Garden","zip":"600037","txn_ts":"2020-04-10 23:59:34.851000","curr_hrs":1.0,"store_status":1},{"store_code":361,"store_description":"FairPrice - Tanjong Pagar","zip":"082001","txn_ts":"2020-04-10 23:56:04.429000","curr_hrs":1.0,"store_status":1},{"store_code":363,"store_description":"FairPrice - Taman Jurong","zip":"610399","txn_ts":"2020-04-10 23:58:51.298000","curr_hrs":1.0,"store_status":1},{"store_code":365,"store_description":"FairPrice - Woodlands 888","zip":"730888","txn_ts":"2020-04-10 23:58:56.597000","curr_hrs":1.0,"store_status":1},{"store_code":391,"store_description":"FairPrice - Rivervale Plaza","zip":"540118","txn_ts":"2020-04-10 23:59:13.869000","curr_hrs":1.0,"store_status":1},{"store_code":396,"store_description":"FairPrice - Yishun Ring","zip":"760414","txn_ts":"2020-04-10 23:59:31.776000","curr_hrs":1.0,"store_status":1},{"store_code":398,"store_description":"FairPrice - Khatib","zip":"760849","txn_ts":"2020-04-10 23:59:01.822000","curr_hrs":1.0,"store_status":1},{"store_code":400,"store_description":"FairPrice - Orchard Grand Court","zip":"239571","txn_ts":"2020-04-10 23:59:56.922000","curr_hrs":1.0,"store_status":1},{"store_code":403,"store_description":"FairPrice Finest - Woodgrove","zip":"739065","txn_ts":"2020-04-10 23:57:53.152000","curr_hrs":1.0,"store_status":1},{"store_code":405,"store_description":"FairPrice - Bukit Batok East","zip":"650280","txn_ts":"2020-04-10 23:59:10.295000","curr_hrs":1.0,"store_status":1},{"store_code":406,"store_description":"FairPrice - Senja Grand","zip":"670628","txn_ts":"2020-04-10 23:57:58.592000","curr_hrs":1.0,"store_status":1},{"store_code":407,"store_description":"FairPrice - Dawson","zip":"142057","txn_ts":"2020-04-10 23:58:34.870000","curr_hrs":1.0,"store_status":1},{"store_code":413,"store_description":"FairPrice - Tampines D","zip":"521138","txn_ts":"2020-04-10 23:59:33.732000","curr_hrs":1.0,"store_status":1},{"store_code":414,"store_description":"FairPrice - Chai Chee","zip":"462029","txn_ts":"2020-04-10 23:59:47.443000","curr_hrs":1.0,"store_status":1},{"store_code":415,"store_description":"FairPrice - Serangoon Central","zip":"550253","txn_ts":"2020-04-10 23:58:36.371000","curr_hrs":1.0,"store_status":1},{"store_code":417,"store_description":"FairPrice - Siglap New Market","zip":"459125","txn_ts":"2020-04-10 23:56:52.698000","curr_hrs":1.0,"store_status":1},{"store_code":419,"store_description":"FairPrice - Pasir Ris West Plaza","zip":"510734","txn_ts":"2020-04-10 23:59:59.412000","curr_hrs":1.0,"store_status":1},{"store_code":420,"store_description":"FairPrice Xtra - Ang Mo Kio Hub","zip":"569933","txn_ts":"2020-04-10 23:59:54.425000","curr_hrs":1.0,"store_status":1},{"store_code":426,"store_description":"FairPrice - Jalan Tiga","zip":"390041","txn_ts":"2020-04-10 23:59:56.928000","curr_hrs":1.0,"store_status":1},{"store_code":427,"store_description":"FairPrice - Sembawang 355","zip":"750355","txn_ts":"2020-04-10 23:58:33.257000","curr_hrs":1.0,"store_status":1},{"store_code":431,"store_description":"FairPrice - Compassvale Link","zip":"544277","txn_ts":"2020-04-10 23:59:03.285000","curr_hrs":1.0,"store_status":1},{"store_code":432,"store_description":"FairPrice - Lor Limau","zip":"320080","txn_ts":"2020-04-10 23:59:36.141000","curr_hrs":1.0,"store_status":1},{"store_code":434,"store_description":"FairPrice Xtra - Jurong Point","zip":"648331","txn_ts":"2020-04-10 23:59:36.140000","curr_hrs":1.0,"store_status":1},{"store_code":435,"store_description":"FairPrice - Buona Vista CC","zip":"270036","txn_ts":"2020-04-10 23:56:37.666000","curr_hrs":1.0,"store_status":1},{"store_code":440,"store_description":"FairPrice - Kang Kar","zip":"538767","txn_ts":"2020-04-10 23:58:10.648000","curr_hrs":1.0,"store_status":1},{"store_code":449,"store_description":"FairPrice Xtra - Nex Mall","zip":"556083","txn_ts":"2020-04-10 23:59:57.205000","curr_hrs":1.0,"store_status":1},{"store_code":451,"store_description":"FairPrice Finest - My Village","zip":"556679","txn_ts":"2020-04-10 23:56:28.223000","curr_hrs":1.0,"store_status":1},{"store_code":452,"store_description":"FairPrice - Ang Mo Kio 215","zip":"560215","txn_ts":"2020-04-10 23:57:59.924000","curr_hrs":1.0,"store_status":1},{"store_code":453,"store_description":"FairPrice - Punggol Drive","zip":"820612","txn_ts":"2020-04-10 23:57:59.942000","curr_hrs":1.0,"store_status":0},{"store_code":455,"store_description":"FairPrice - Bishan North","zip":"570279","txn_ts":"2020-04-10 23:59:00.355000","curr_hrs":1.0,"store_status":1},{"store_code":456,"store_description":"FairPrice - Lekong Tiga","zip":"410110","txn_ts":"2020-04-10 23:58:45.858000","curr_hrs":1.0,"store_status":1},{"store_code":457,"store_description":"FairPrice - Geylang 38","zip":"389551","txn_ts":"2020-04-10 23:58:48.291000","curr_hrs":1.0,"store_status":1},{"store_code":470,"store_description":"FairPrice - Jalan Kayu","zip":"791447","txn_ts":"2020-04-10 23:58:51.544000","curr_hrs":1.0,"store_status":1},{"store_code":479,"store_description":"FairPrice - Jurong East 345","zip":"600345","txn_ts":"2020-04-10 23:58:43.742000","curr_hrs":1.0,"store_status":1},{"store_code":480,"store_description":"FairPrice Finest - Seletar Mall","zip":"797653","txn_ts":"2020-04-10 23:59:52.754000","curr_hrs":1.0,"store_status":1},{"store_code":482,"store_description":"FairPrice - Seng Kang East","zip":"540279","txn_ts":"2020-04-10 23:58:54.799000","curr_hrs":1.0,"store_status":1},{"store_code":483,"store_description":"FairPrice - Bukit batok West","zip":"650166","txn_ts":"2020-04-10 23:59:03.006000","curr_hrs":1.0,"store_status":1},{"store_code":484,"store_description":"FairPrice Finest - Waterway Point","zip":"828761","txn_ts":"2020-04-10 23:57:06.235000","curr_hrs":1.0,"store_status":1},{"store_code":498,"store_description":"FairPrice - Hillion Mall","zip":"678278","txn_ts":"2020-04-10 23:59:40.455000","curr_hrs":1.0,"store_status":1},{"store_code":499,"store_description":"FairPrice Finest - Yew Tee MRT","zip":"689715","txn_ts":"2020-04-10 23:58:49.254000","curr_hrs":1.0,"store_status":1}]