[{"store_code":301,"store_description":"FairPrice - Tampines HUB","zip":"528523","txn_ts":"2020-04-11 22:24:01.774229","curr_hrs":22.0,"store_status":1},{"store_code":304,"store_description":"FairPrice - Bukit Batok MRT","zip":"659958","txn_ts":"2020-04-11 22:24:01.774229","curr_hrs":22.0,"store_status":1},{"store_code":305,"store_description":"FairPrice - Bukit Ho Swee","zip":"160050","txn_ts":"2020-04-11 22:24:01.774229","curr_hrs":22.0,"store_status":1},{"store_code":306,"store_description":"FairPrice - Boon Lay","zip":"640221","txn_ts":"2020-04-11 22:24:01.774229","curr_hrs":22.0,"store_status":1},{"store_code":307,"store_description":"FairPrice - Bukit Merah","zip":"150166","txn_ts":"2020-04-11 22:24:01.774229","curr_hrs":22.0,"store_status":1},{"store_code":308,"store_description":"FairPrice - Bedok North A","zip":"460212","txn_ts":"2020-04-11 22:24:01.774229","curr_hrs":22.0,"store_status":1},{"store_code":309,"store_description":"FairPrice - Bedok North B","zip":"460089","txn_ts":"2020-04-11 22:24:01.774229","curr_hrs":22.0,"store_status":1},{"store_code":310,"store_description":"FairPrice Finest - Bukit Panjang Plaza","zip":"677743","txn_ts":"2020-04-11 22:24:01.774229","curr_hrs":22.0,"store_status":1},{"store_code":311,"store_description":"FairPrice - Bedok Reservoir","zip":"470745","txn_ts":"2020-04-11 22:24:01.774229","curr_hrs":22.0,"store_status":1},{"store_code":312,"store_description":"FairPrice - Bishan A","zip":"570510","txn_ts":"2020-04-11 22:24:01.774229","curr_hrs":22.0,"store_status":1},{"store_code":313,"store_description":"FairPrice Finest - Bukit Timah Plaza","zip":"588996","txn_ts":"2020-04-11 22:24:01.774229","curr_hrs":22.0,"store_status":1},{"store_code":314,"store_description":"FairPrice Finest - Changi City Point","zip":"486038","txn_ts":"2020-04-11 22:24:01.774229","curr_hrs":22.0,"store_status":0},{"store_code":316,"store_description":"FairPrice Shop - Bendemeer Blk 30","zip":"330030","txn_ts":"2020-04-11 22:24:01.774229","curr_hrs":22.0,"store_status":0},{"store_code":317,"store_description":"FairPrice Shop - Toa Payoh 95","zip":"310095","txn_ts":"2020-04-11 22:24:01.774229","curr_hrs":22.0,"store_status":0},{"store_code":319,"store_description":"FairPrice - Clementi A","zip":"120451","txn_ts":"2020-04-11 22:24:01.774229","curr_hrs":22.0,"store_status":1},{"store_code":320,"store_description":"FairPrice - Clementi B","zip":"120352","txn_ts":"2020-04-11 22:24:01.774229","curr_hrs":22.0,"store_status":1},{"store_code":321,"store_description":"FairPrice - Coronation Plaza","zip":"269707","txn_ts":"2020-04-11 22:24:01.774229","curr_hrs":22.0,"store_status":1},{"store_code":322,"store_description":"FairPrice - The POIZ Centre","zip":"347697","txn_ts":"2020-04-11 22:24:01.774229","curr_hrs":22.0,"store_status":1},{"store_code":324,"store_description":"FairPrice - East Point","zip":"528833","txn_ts":"2020-04-11 22:24:01.774229","curr_hrs":22.0,"store_status":1},{"store_code":325,"store_description":"FairPrice - Geylang East","zip":"380114","txn_ts":"2020-04-11 22:24:01.774229","curr_hrs":22.0,"store_status":1},{"store_code":326,"store_description":"FairPrice Finest - Hougang A","zip":"530202","txn_ts":"2020-04-11 22:24:01.774229","curr_hrs":22.0,"store_status":1},{"store_code":327,"store_description":"FairPrice - Hougang B","zip":"530682","txn_ts":"2020-04-11 22:24:01.774229","curr_hrs":22.0,"store_status":1},{"store_code":328,"store_description":"FairPrice - Tekka","zip":"218227","txn_ts":"2020-04-11 22:24:01.774229","curr_hrs":22.0,"store_status":0},{"store_code":329,"store_description":"FairPrice - Hougang Lifestyle","zip":"538766","txn_ts":"2020-04-11 22:24:01.774229","curr_hrs":22.0,"store_status":0},{"store_code":330,"store_description":"FairPrice Xtra - VivoCity","zip":"098585","txn_ts":"2020-04-11 22:24:01.774229","curr_hrs":22.0,"store_status":1},{"store_code":331,"store_description":"FairPrice - Jurong East","zip":"600135","txn_ts":"2020-04-11 22:24:01.774229","curr_hrs":22.0,"store_status":1},{"store_code":332,"store_description":"FairPrice - Jurong Point","zip":"648886","txn_ts":"2020-04-11 22:24:01.774229","curr_hrs":22.0,"store_status":1},{"store_code":333,"store_description":"FairPrice Finest - Funan","zip":"179105","txn_ts":"2020-04-11 22:24:01.774229","curr_hrs":22.0,"store_status":0},{"store_code":334,"store_description":"FairPrice - Jalan Teck Whye A","zip":"680140","txn_ts":"2020-04-11 22:24:01.774229","curr_hrs":22.0,"store_status":1},{"store_code":335,"store_description":"FairPrice - Jurong West","zip":"640498","txn_ts":"2020-04-11 22:24:01.774229","curr_hrs":22.0,"store_status":1},{"store_code":336,"store_description":"FairPrice - Kallang Bahru","zip":"330071","txn_ts":"2020-04-11 22:24:01.774229","curr_hrs":22.0,"store_status":1},{"store_code":337,"store_description":"FairPrice - Limbang","zip":"680533","txn_ts":"2020-04-11 22:24:01.774229","curr_hrs":22.0,"store_status":1},{"store_code":338,"store_description":"FairPrice - Lot 1 Shopper's Mall","zip":"689812","txn_ts":"2020-04-11 22:24:01.774229","curr_hrs":22.0,"store_status":1},{"store_code":339,"store_description":"FairPrice - Marsiling MRT","zip":"739044","txn_ts":"2020-04-11 22:24:01.774229","curr_hrs":22.0,"store_status":1},{"store_code":340,"store_description":"FairPrice Finest - Marine Parade","zip":"449411","txn_ts":"2020-04-11 22:24:01.774229","curr_hrs":22.0,"store_status":1},{"store_code":341,"store_description":"FairPrice - New Upper Changi","zip":"461057","txn_ts":"2020-04-11 22:24:01.774229","curr_hrs":22.0,"store_status":1},{"store_code":344,"store_description":"FairPrice - Singpost","zip":"408600","txn_ts":"2020-04-11 22:24:01.774229","curr_hrs":22.0,"store_status":1},{"store_code":347,"store_description":"FairPrice - Kampung Admiralty","zip":"730676","txn_ts":"2020-04-11 22:24:01.774229","curr_hrs":22.0,"store_status":1},{"store_code":348,"store_description":"FairPrice - Ghim Moh","zip":"271029","txn_ts":"2020-04-11 22:24:01.774229","curr_hrs":22.0,"store_status":1},{"store_code":350,"store_description":"FairPrice Finest - Paya Lebar Quarter","zip":"409057","txn_ts":"2020-04-11 22:24:01.774229","curr_hrs":22.0,"store_status":1},{"store_code":351,"store_description":"FairPrice - Punggol Oasis","zip":"820681","txn_ts":"2020-04-11 22:24:01.774229","curr_hrs":22.0,"store_status":1},{"store_code":352,"store_description":"FairPrice - Serangoon B","zip":"552152","txn_ts":"2020-04-11 22:24:01.774229","curr_hrs":22.0,"store_status":1},{"store_code":354,"store_description":"FairPrice Finest - Jewel Changi Airport","zip":"819666","txn_ts":"2020-04-11 22:24:01.774229","curr_hrs":22.0,"store_status":1},{"store_code":355,"store_description":"FairPrice - Sun Plaza","zip":"757713","txn_ts":"2020-04-11 22:24:01.774229","curr_hrs":22.0,"store_status":1},{"store_code":356,"store_description":"FairPrice - Tampines A","zip":"521107","txn_ts":"2020-04-11 22:24:01.774229","curr_hrs":22.0,"store_status":1},{"store_code":357,"store_description":"FairPrice - Tampines B","zip":"520475","txn_ts":"2020-04-11 22:24:01.774229","curr_hrs":22.0,"store_status":1},{"store_code":358,"store_description":"FairPrice - Tampines Mall","zip":"529510","txn_ts":"2020-04-11 22:24:01.774229","curr_hrs":22.0,"store_status":1},{"store_code":359,"store_description":"FairPrice - Telok Blangah","zip":"100078","txn_ts":"2020-04-11 22:24:01.774229","curr_hrs":22.0,"store_status":1},{"store_code":360,"store_description":"FairPrice - Teban Garden","zip":"600037","txn_ts":"2020-04-11 22:24:01.774229","curr_hrs":22.0,"store_status":1},{"store_code":361,"store_description":"FairPrice - Tanjong Pagar","zip":"082001","txn_ts":"2020-04-11 22:24:01.774229","curr_hrs":22.0,"store_status":1},{"store_code":362,"store_description":"FairPrice Finest - Thomson Plaza","zip":"574408","txn_ts":"2020-04-11 22:24:01.774229","curr_hrs":22.0,"store_status":1},{"store_code":363,"store_description":"FairPrice - Taman Jurong","zip":"610399","txn_ts":"2020-04-11 22:24:01.774229","curr_hrs":22.0,"store_status":1},{"store_code":364,"store_description":"FairPrice - Toa Payoh A","zip":"310192","txn_ts":"2020-04-11 22:24:01.774229","curr_hrs":22.0,"store_status":1},{"store_code":365,"store_description":"FairPrice - Woodlands 888","zip":"730888","txn_ts":"2020-04-11 22:24:01.774229","curr_hrs":22.0,"store_status":1},{"store_code":366,"store_description":"FairPrice Finest - 111 Somerset","zip":"238164","txn_ts":"2020-04-11 22:24:01.774229","curr_hrs":22.0,"store_status":1},{"store_code":367,"store_description":"FairPrice - White Sands","zip":"518457","txn_ts":"2020-04-11 22:24:01.774229","curr_hrs":22.0,"store_status":1},{"store_code":368,"store_description":"FairPrice - Yung Kuang","zip":"610063","txn_ts":"2020-04-11 22:24:01.774229","curr_hrs":22.0,"store_status":0},{"store_code":369,"store_description":"FairPrice - Yishun MRT","zip":"769093","txn_ts":"2020-04-11 22:24:01.774229","curr_hrs":22.0,"store_status":1},{"store_code":371,"store_description":"FairPrice Xtra - Hougang Point","zip":"538692","txn_ts":"2020-04-11 22:24:01.774229","curr_hrs":22.0,"store_status":1},{"store_code":391,"store_description":"FairPrice - Rivervale Plaza","zip":"540118","txn_ts":"2020-04-11 22:24:01.774229","curr_hrs":22.0,"store_status":1},{"store_code":395,"store_description":"FairPrice - Rivervale Mall","zip":"545082","txn_ts":"2020-04-11 22:24:01.774229","curr_hrs":22.0,"store_status":0},{"store_code":396,"store_description":"FairPrice - Yishun Ring","zip":"760414","txn_ts":"2020-04-11 22:24:01.774229","curr_hrs":22.0,"store_status":1},{"store_code":397,"store_description":"FairPrice - Toa Payoh HDB Hub","zip":"310500","txn_ts":"2020-04-11 22:24:01.774229","curr_hrs":22.0,"store_status":1},{"store_code":398,"store_description":"FairPrice - Khatib","zip":"760849","txn_ts":"2020-04-11 22:24:01.774229","curr_hrs":22.0,"store_status":1},{"store_code":400,"store_description":"FairPrice - Orchard Grand Court","zip":"239571","txn_ts":"2020-04-11 22:24:01.774229","curr_hrs":22.0,"store_status":1},{"store_code":402,"store_description":"FairPrice Finest - Junction 8","zip":"579837","txn_ts":"2020-04-11 22:24:01.774229","curr_hrs":22.0,"store_status":1},{"store_code":403,"store_description":"FairPrice Finest - Woodgrove","zip":"739065","txn_ts":"2020-04-11 22:24:01.774229","curr_hrs":22.0,"store_status":1},{"store_code":405,"store_description":"FairPrice - Bukit Batok East","zip":"650280","txn_ts":"2020-04-11 22:24:01.774229","curr_hrs":22.0,"store_status":1},{"store_code":406,"store_description":"FairPrice - Senja Grand","zip":"670628","txn_ts":"2020-04-11 22:24:01.774229","curr_hrs":22.0,"store_status":1},{"store_code":407,"store_description":"FairPrice - Dawson","zip":"142057","txn_ts":"2020-04-11 22:24:01.774229","curr_hrs":22.0,"store_status":1},{"store_code":408,"store_description":"FairPrice Finest - Tiong Bahru","zip":"168732","txn_ts":"2020-04-11 22:24:01.774229","curr_hrs":22.0,"store_status":1},{"store_code":409,"store_description":"FairPrice - Depot","zip":"100108","txn_ts":"2020-04-11 22:24:01.774229","curr_hrs":22.0,"store_status":1},{"store_code":410,"store_description":"FairPrice - Punggol Plaza","zip":"820168","txn_ts":"2020-04-11 22:24:01.774229","curr_hrs":22.0,"store_status":1},{"store_code":412,"store_description":"FairPrice - Woodland Civic Center","zip":"730900","txn_ts":"2020-04-11 22:24:01.774229","curr_hrs":22.0,"store_status":1},{"store_code":413,"store_description":"FairPrice - Tampines D","zip":"521138","txn_ts":"2020-04-11 22:24:01.774229","curr_hrs":22.0,"store_status":1},{"store_code":414,"store_description":"FairPrice - Chai Chee","zip":"462029","txn_ts":"2020-04-11 22:24:01.774229","curr_hrs":22.0,"store_status":1},{"store_code":415,"store_description":"FairPrice - Serangoon Central","zip":"550253","txn_ts":"2020-04-11 22:24:01.774229","curr_hrs":22.0,"store_status":1},{"store_code":417,"store_description":"FairPrice - Siglap New Market","zip":"459125","txn_ts":"2020-04-11 22:24:01.774229","curr_hrs":22.0,"store_status":1},{"store_code":419,"store_description":"FairPrice - Pasir Ris West Plaza","zip":"510734","txn_ts":"2020-04-11 22:24:01.774229","curr_hrs":22.0,"store_status":1},{"store_code":420,"store_description":"FairPrice Xtra - Ang Mo Kio Hub","zip":"569933","txn_ts":"2020-04-11 22:24:01.774229","curr_hrs":22.0,"store_status":1},{"store_code":421,"store_description":"FairPrice - Square 2","zip":"307506","txn_ts":"2020-04-11 22:24:01.774229","curr_hrs":22.0,"store_status":0},{"store_code":422,"store_description":"FairPrice - Tampines CC","zip":"521866","txn_ts":"2020-04-11 22:24:01.774229","curr_hrs":22.0,"store_status":1},{"store_code":423,"store_description":"FairPrice - Cambridge","zip":"210043","txn_ts":"2020-04-11 22:24:01.774229","curr_hrs":22.0,"store_status":1},{"store_code":424,"store_description":"FairPrice - Downtown East","zip":"519599","txn_ts":"2020-04-11 22:24:01.774229","curr_hrs":22.0,"store_status":1},{"store_code":425,"store_description":"FairPrice - Stirling Road","zip":"140170","txn_ts":"2020-04-11 22:24:01.774229","curr_hrs":22.0,"store_status":1},{"store_code":426,"store_description":"FairPrice - Jalan Tiga","zip":"390041","txn_ts":"2020-04-11 22:24:01.774229","curr_hrs":22.0,"store_status":1},{"store_code":427,"store_description":"FairPrice - Sembawang 355","zip":"750355","txn_ts":"2020-04-11 22:24:01.774229","curr_hrs":22.0,"store_status":1},{"store_code":428,"store_description":"FairPrice Finest - Changi Airport Terminal 3","zip":"819663","txn_ts":"2020-04-11 22:24:01.774229","curr_hrs":22.0,"store_status":1},{"store_code":429,"store_description":"FairPrice - Dover","zip":"130028","txn_ts":"2020-04-11 22:24:01.774229","curr_hrs":22.0,"store_status":1},{"store_code":430,"store_description":"FairPrice - Upper Boon Keng","zip":"380005","txn_ts":"2020-04-11 22:24:01.774229","curr_hrs":22.0,"store_status":1},{"store_code":431,"store_description":"FairPrice - Compassvale Link","zip":"544277","txn_ts":"2020-04-11 22:24:01.774229","curr_hrs":22.0,"store_status":1},{"store_code":432,"store_description":"FairPrice - Lor Limau","zip":"320080","txn_ts":"2020-04-11 22:24:01.774229","curr_hrs":22.0,"store_status":1},{"store_code":434,"store_description":"FairPrice Xtra - Jurong Point","zip":"648331","txn_ts":"2020-04-11 22:24:01.774229","curr_hrs":22.0,"store_status":1},{"store_code":435,"store_description":"FairPrice - Buona Vista CC","zip":"270036","txn_ts":"2020-04-11 22:24:01.774229","curr_hrs":22.0,"store_status":1},{"store_code":437,"store_description":"FairPrice - Yew Tee Point","zip":"689578","txn_ts":"2020-04-11 22:24:01.774229","curr_hrs":22.0,"store_status":1},{"store_code":438,"store_description":"FairPrice - Joo Chiat Complex","zip":"420002","txn_ts":"2020-04-11 22:24:01.774229","curr_hrs":22.0,"store_status":1},{"store_code":439,"store_description":"FairPrice - City Square","zip":"208539","txn_ts":"2020-04-11 22:24:01.774229","curr_hrs":22.0,"store_status":1},{"store_code":440,"store_description":"FairPrice - Kang Kar","zip":"538767","txn_ts":"2020-04-11 22:24:01.774229","curr_hrs":22.0,"store_status":1},{"store_code":444,"store_description":"FairPrice - Canberra 511","zip":"750511","txn_ts":"2020-04-11 22:24:01.774229","curr_hrs":22.0,"store_status":1},{"store_code":445,"store_description":"FairPrice Shop - Eunos Crescent","zip":"400005","txn_ts":"2020-04-11 22:24:01.774229","curr_hrs":22.0,"store_status":0},{"store_code":446,"store_description":"FairPrice Shop - Circuit","zip":"370077","txn_ts":"2020-04-11 22:24:01.774229","curr_hrs":22.0,"store_status":0},{"store_code":448,"store_description":"FairPrice - Orchid Country Club","zip":"769162","txn_ts":"2020-04-11 22:24:01.774229","curr_hrs":22.0,"store_status":0},{"store_code":449,"store_description":"FairPrice Xtra - Nex Mall","zip":"556083","txn_ts":"2020-04-11 22:24:01.774229","curr_hrs":22.0,"store_status":1},{"store_code":450,"store_description":"FairPrice Finest - Clementi Mall","zip":"129588","txn_ts":"2020-04-11 22:24:01.774229","curr_hrs":22.0,"store_status":1},{"store_code":451,"store_description":"FairPrice Finest - My Village","zip":"556679","txn_ts":"2020-04-11 22:24:01.774229","curr_hrs":22.0,"store_status":1},{"store_code":452,"store_description":"FairPrice - Ang Mo Kio 215","zip":"560215","txn_ts":"2020-04-11 22:24:01.774229","curr_hrs":22.0,"store_status":1},{"store_code":453,"store_description":"FairPrice - Punggol Drive","zip":"820612","txn_ts":"2020-04-11 22:24:01.774229","curr_hrs":22.0,"store_status":1},{"store_code":454,"store_description":"FairPrice - Kim Tian","zip":"169252","txn_ts":"2020-04-11 22:24:01.774229","curr_hrs":22.0,"store_status":0},{"store_code":455,"store_description":"FairPrice - Bishan North","zip":"570279","txn_ts":"2020-04-11 22:24:01.774229","curr_hrs":22.0,"store_status":1},{"store_code":456,"store_description":"FairPrice - Lekong Tiga","zip":"410110","txn_ts":"2020-04-11 22:24:01.774229","curr_hrs":22.0,"store_status":1},{"store_code":457,"store_description":"FairPrice - Geylang 38","zip":"389551","txn_ts":"2020-04-11 22:24:01.774229","curr_hrs":22.0,"store_status":1},{"store_code":458,"store_description":"FairPrice - Ang Mo Kio 712","zip":"560712","txn_ts":"2020-04-11 22:24:01.774229","curr_hrs":22.0,"store_status":1},{"store_code":459,"store_description":"FairPrice Finest - Scotts Square","zip":"228209","txn_ts":"2020-04-11 22:24:01.774229","curr_hrs":22.0,"store_status":1},{"store_code":460,"store_description":"FairPrice - PSA","zip":"119963","txn_ts":"2020-04-11 22:24:01.774229","curr_hrs":22.0,"store_status":0},{"store_code":461,"store_description":"FairPrice Xtra - Changi Business Park","zip":"486018","txn_ts":"2020-04-11 22:24:01.774229","curr_hrs":22.0,"store_status":1},{"store_code":462,"store_description":"FairPrice Finest - Zhong Shan Park","zip":"329984","txn_ts":"2020-04-11 22:24:01.774229","curr_hrs":22.0,"store_status":1},{"store_code":463,"store_description":"FairPrice - Chinatown Point","zip":"059413","txn_ts":"2020-04-11 22:24:01.774229","curr_hrs":22.0,"store_status":1},{"store_code":464,"store_description":"FairPrice Finest - Amara","zip":"079027","txn_ts":"2020-04-11 22:24:01.774229","curr_hrs":22.0,"store_status":1},{"store_code":465,"store_description":"FairPrice - Woodlands Ave 1","zip":"732570","txn_ts":"2020-04-11 22:24:01.774229","curr_hrs":22.0,"store_status":1},{"store_code":466,"store_description":"FairPrice Finest - Valley Point","zip":"248371","txn_ts":"2020-04-11 22:24:01.774229","curr_hrs":22.0,"store_status":1},{"store_code":467,"store_description":"FairPrice - West Coast","zip":"120502","txn_ts":"2020-04-11 22:24:01.774229","curr_hrs":22.0,"store_status":1},{"store_code":469,"store_description":"FairPrice Xtra - JEM","zip":"608549","txn_ts":"2020-04-11 22:24:01.774229","curr_hrs":22.0,"store_status":1},{"store_code":470,"store_description":"FairPrice - Jalan Kayu","zip":"791447","txn_ts":"2020-04-11 22:24:01.774229","curr_hrs":22.0,"store_status":1},{"store_code":471,"store_description":"FairPrice Finest - Katong Village","zip":"428751","txn_ts":"2020-04-11 22:24:01.774229","curr_hrs":22.0,"store_status":1},{"store_code":472,"store_description":"FairPrice - Kitchener Complex","zip":"200808","txn_ts":"2020-04-11 22:24:01.774229","curr_hrs":22.0,"store_status":1},{"store_code":473,"store_description":"FairPrice Finest - Bedok Mall","zip":"467360","txn_ts":"2020-04-11 22:24:01.774229","curr_hrs":22.0,"store_status":1},{"store_code":474,"store_description":"FairPrice - NUH Medical Center","zip":"119082","txn_ts":"2020-04-11 22:24:01.774229","curr_hrs":22.0,"store_status":0},{"store_code":475,"store_description":"FairPrice - Potong Pasir CC","zip":"358361","txn_ts":"2020-04-11 22:24:01.774229","curr_hrs":22.0,"store_status":1},{"store_code":476,"store_description":"FairPrice Xtra - Sports Hub","zip":"397628","txn_ts":"2020-04-11 22:24:01.774229","curr_hrs":22.0,"store_status":1},{"store_code":477,"store_description":"FairPrice - Bukit Batok Home Team","zip":"659003","txn_ts":"2020-04-11 22:24:01.774229","curr_hrs":22.0,"store_status":1},{"store_code":478,"store_description":"FairPrice - Warehouse Club","zip":"629117","txn_ts":"2020-04-11 22:24:01.774229","curr_hrs":22.0,"store_status":0},{"store_code":479,"store_description":"FairPrice - Jurong East 345","zip":"600345","txn_ts":"2020-04-11 22:24:01.774229","curr_hrs":22.0,"store_status":1},{"store_code":480,"store_description":"FairPrice Finest - Seletar Mall","zip":"797653","txn_ts":"2020-04-11 22:24:01.774229","curr_hrs":22.0,"store_status":1},{"store_code":481,"store_description":"FairPrice - RedHill","zip":"159053","txn_ts":"2020-04-11 22:24:01.774229","curr_hrs":22.0,"store_status":0},{"store_code":482,"store_description":"FairPrice - Seng Kang East","zip":"540279","txn_ts":"2020-04-11 22:24:01.774229","curr_hrs":22.0,"store_status":1},{"store_code":483,"store_description":"FairPrice - Bukit batok West","zip":"650166","txn_ts":"2020-04-11 22:24:01.774229","curr_hrs":22.0,"store_status":1},{"store_code":484,"store_description":"FairPrice Finest - Waterway Point","zip":"828761","txn_ts":"2020-04-11 22:24:01.774229","curr_hrs":22.0,"store_status":1},{"store_code":485,"store_description":"FairPrice - Serangoon View","zip":"530476","txn_ts":"2020-04-11 22:24:01.774229","curr_hrs":22.0,"store_status":1},{"store_code":488,"store_description":"FairPrice - Jalan Bukit Merah","zip":"150001","txn_ts":"2020-04-11 22:24:01.774229","curr_hrs":22.0,"store_status":1},{"store_code":489,"store_description":"FairPrice - Macpherson Mall","zip":"368125","txn_ts":"2020-04-11 22:24:01.774229","curr_hrs":22.0,"store_status":0},{"store_code":491,"store_description":"FairPrice Shop - Jurong East Blk 249","zip":"600249","txn_ts":"2020-04-11 22:24:01.774229","curr_hrs":22.0,"store_status":0},{"store_code":492,"store_description":"FairPrice Shop - Ang Mo Kio 574","zip":"560574","txn_ts":"2020-04-11 22:24:01.774229","curr_hrs":22.0,"store_status":0},{"store_code":493,"store_description":"FairPrice Shop - Blk 150 Silat Ave","zip":"160150","txn_ts":"2020-04-11 22:24:01.774229","curr_hrs":22.0,"store_status":0},{"store_code":494,"store_description":"FairPrice - Tai Seng","zip":"539775","txn_ts":"2020-04-11 22:24:01.774229","curr_hrs":22.0,"store_status":1},{"store_code":495,"store_description":"FairPrice - Northpoint City","zip":"768019","txn_ts":"2020-04-11 22:24:01.774229","curr_hrs":22.0,"store_status":1},{"store_code":496,"store_description":"FairPrice Finest - Wisteria Mall","zip":"768698","txn_ts":"2020-04-11 22:24:01.774229","curr_hrs":22.0,"store_status":1},{"store_code":498,"store_description":"FairPrice - Hillion Mall","zip":"678278","txn_ts":"2020-04-11 22:24:01.774229","curr_hrs":22.0,"store_status":1},{"store_code":499,"store_description":"FairPrice Finest - Yew Tee MRT","zip":"689715","txn_ts":"2020-04-11 22:24:01.774229","curr_hrs":22.0,"store_status":1}]