[{"store_code":301,"store_description":"FairPrice - Tampines HUB","zip":"528523","txn_ts":"2020-04-11 01:59:58.891000","curr_hrs":3.0,"store_status":1},{"store_code":305,"store_description":"FairPrice - Bukit Ho Swee","zip":"160050","txn_ts":"2020-04-11 01:59:56.044000","curr_hrs":3.0,"store_status":1},{"store_code":306,"store_description":"FairPrice - Boon Lay","zip":"640221","txn_ts":"2020-04-11 01:58:50.186000","curr_hrs":3.0,"store_status":1},{"store_code":308,"store_description":"FairPrice - Bedok North A","zip":"460212","txn_ts":"2020-04-11 01:58:41.253000","curr_hrs":3.0,"store_status":1},{"store_code":309,"store_description":"FairPrice - Bedok North B","zip":"460089","txn_ts":"2020-04-11 01:45:58.252000","curr_hrs":3.0,"store_status":1},{"store_code":311,"store_description":"FairPrice - Bedok Reservoir","zip":"470745","txn_ts":"2020-04-11 01:58:55.011000","curr_hrs":3.0,"store_status":1},{"store_code":313,"store_description":"FairPrice Finest - Bukit Timah Plaza","zip":"588996","txn_ts":"2020-04-11 01:59:58.255000","curr_hrs":3.0,"store_status":1},{"store_code":319,"store_description":"FairPrice - Clementi A","zip":"120451","txn_ts":"2020-04-11 01:59:20.106000","curr_hrs":3.0,"store_status":1},{"store_code":320,"store_description":"FairPrice - Clementi B","zip":"120352","txn_ts":"2020-04-11 01:40:13.101000","curr_hrs":3.0,"store_status":1},{"store_code":324,"store_description":"FairPrice - East Point","zip":"528833","txn_ts":"2020-04-11 01:55:01.708000","curr_hrs":3.0,"store_status":1},{"store_code":325,"store_description":"FairPrice - Geylang East","zip":"380114","txn_ts":"2020-04-11 01:58:04.083000","curr_hrs":3.0,"store_status":1},{"store_code":326,"store_description":"FairPrice Finest - Hougang A","zip":"530202","txn_ts":"2020-04-11 01:54:11.414000","curr_hrs":3.0,"store_status":1},{"store_code":327,"store_description":"FairPrice - Hougang B","zip":"530682","txn_ts":"2020-04-11 01:40:27.018000","curr_hrs":3.0,"store_status":1},{"store_code":331,"store_description":"FairPrice - Jurong East","zip":"600135","txn_ts":"2020-04-11 01:57:25.783000","curr_hrs":3.0,"store_status":1},{"store_code":334,"store_description":"FairPrice - Jalan Teck Whye A","zip":"680140","txn_ts":"2020-04-11 01:59:12.388000","curr_hrs":3.0,"store_status":1},{"store_code":335,"store_description":"FairPrice - Jurong West","zip":"640498","txn_ts":"2020-04-11 01:58:45.291000","curr_hrs":3.0,"store_status":1},{"store_code":341,"store_description":"FairPrice - New Upper Changi","zip":"461057","txn_ts":"2020-04-11 01:59:45.822000","curr_hrs":3.0,"store_status":1},{"store_code":348,"store_description":"FairPrice - Ghim Moh","zip":"271029","txn_ts":"2020-04-11 01:59:34.665000","curr_hrs":3.0,"store_status":1},{"store_code":352,"store_description":"FairPrice - Serangoon B","zip":"552152","txn_ts":"2020-04-11 01:52:18.916000","curr_hrs":3.0,"store_status":1},{"store_code":356,"store_description":"FairPrice - Tampines A","zip":"521107","txn_ts":"2020-04-11 01:57:31.232000","curr_hrs":3.0,"store_status":1},{"store_code":357,"store_description":"FairPrice - Tampines B","zip":"520475","txn_ts":"2020-04-11 01:56:47.384000","curr_hrs":3.0,"store_status":1},{"store_code":359,"store_description":"FairPrice - Telok Blangah","zip":"100078","txn_ts":"2020-04-11 01:52:39.596000","curr_hrs":3.0,"store_status":1},{"store_code":360,"store_description":"FairPrice - Teban Garden","zip":"600037","txn_ts":"2020-04-11 01:52:44.585000","curr_hrs":3.0,"store_status":1},{"store_code":361,"store_description":"FairPrice - Tanjong Pagar","zip":"082001","txn_ts":"2020-04-11 01:59:35.399000","curr_hrs":3.0,"store_status":1},{"store_code":363,"store_description":"FairPrice - Taman Jurong","zip":"610399","txn_ts":"2020-04-11 01:57:29.391000","curr_hrs":3.0,"store_status":1},{"store_code":365,"store_description":"FairPrice - Woodlands 888","zip":"730888","txn_ts":"2020-04-11 01:59:59.537000","curr_hrs":3.0,"store_status":1},{"store_code":391,"store_description":"FairPrice - Rivervale Plaza","zip":"540118","txn_ts":"2020-04-11 01:58:45.196000","curr_hrs":3.0,"store_status":1},{"store_code":396,"store_description":"FairPrice - Yishun Ring","zip":"760414","txn_ts":"2020-04-11 01:52:40.366000","curr_hrs":3.0,"store_status":1},{"store_code":398,"store_description":"FairPrice - Khatib","zip":"760849","txn_ts":"2020-04-11 01:59:26.602000","curr_hrs":3.0,"store_status":1},{"store_code":400,"store_description":"FairPrice - Orchard Grand Court","zip":"239571","txn_ts":"2020-04-11 01:59:38.192000","curr_hrs":3.0,"store_status":1},{"store_code":403,"store_description":"FairPrice Finest - Woodgrove","zip":"739065","txn_ts":"2020-04-11 01:59:52.629000","curr_hrs":3.0,"store_status":1},{"store_code":405,"store_description":"FairPrice - Bukit Batok East","zip":"650280","txn_ts":"2020-04-11 01:55:23.374000","curr_hrs":3.0,"store_status":1},{"store_code":406,"store_description":"FairPrice - Senja Grand","zip":"670628","txn_ts":"2020-04-11 01:58:59.408000","curr_hrs":3.0,"store_status":1},{"store_code":407,"store_description":"FairPrice - Dawson","zip":"142057","txn_ts":"2020-04-11 01:51:29.932000","curr_hrs":3.0,"store_status":1},{"store_code":413,"store_description":"FairPrice - Tampines D","zip":"521138","txn_ts":"2020-04-11 01:59:24.757000","curr_hrs":3.0,"store_status":1},{"store_code":414,"store_description":"FairPrice - Chai Chee","zip":"462029","txn_ts":"2020-04-11 01:57:21.988000","curr_hrs":3.0,"store_status":1},{"store_code":415,"store_description":"FairPrice - Serangoon Central","zip":"550253","txn_ts":"2020-04-11 01:57:44.721000","curr_hrs":3.0,"store_status":1},{"store_code":417,"store_description":"FairPrice - Siglap New Market","zip":"459125","txn_ts":"2020-04-11 01:56:04.242000","curr_hrs":3.0,"store_status":1},{"store_code":419,"store_description":"FairPrice - Pasir Ris West Plaza","zip":"510734","txn_ts":"2020-04-11 01:52:35.932000","curr_hrs":3.0,"store_status":1},{"store_code":420,"store_description":"FairPrice Xtra - Ang Mo Kio Hub","zip":"569933","txn_ts":"2020-04-11 01:59:49.965000","curr_hrs":3.0,"store_status":1},{"store_code":426,"store_description":"FairPrice - Jalan Tiga","zip":"390041","txn_ts":"2020-04-11 01:57:53.238000","curr_hrs":3.0,"store_status":1},{"store_code":427,"store_description":"FairPrice - Sembawang 355","zip":"750355","txn_ts":"2020-04-11 01:54:50.679000","curr_hrs":3.0,"store_status":1},{"store_code":431,"store_description":"FairPrice - Compassvale Link","zip":"544277","txn_ts":"2020-04-11 01:54:12.718000","curr_hrs":3.0,"store_status":1},{"store_code":432,"store_description":"FairPrice - Lor Limau","zip":"320080","txn_ts":"2020-04-11 01:57:44.779000","curr_hrs":3.0,"store_status":1},{"store_code":434,"store_description":"FairPrice Xtra - Jurong Point","zip":"648331","txn_ts":"2020-04-11 01:59:58.711000","curr_hrs":3.0,"store_status":1},{"store_code":435,"store_description":"FairPrice - Buona Vista CC","zip":"270036","txn_ts":"2020-04-11 01:59:23.729000","curr_hrs":3.0,"store_status":1},{"store_code":440,"store_description":"FairPrice - Kang Kar","zip":"538767","txn_ts":"2020-04-11 01:59:57.492000","curr_hrs":3.0,"store_status":1},{"store_code":449,"store_description":"FairPrice Xtra - Nex Mall","zip":"556083","txn_ts":"2020-04-11 01:58:59.035000","curr_hrs":3.0,"store_status":1},{"store_code":451,"store_description":"FairPrice Finest - My Village","zip":"556679","txn_ts":"2020-04-11 01:55:06.172000","curr_hrs":3.0,"store_status":1},{"store_code":452,"store_description":"FairPrice - Ang Mo Kio 215","zip":"560215","txn_ts":"2020-04-11 01:52:57.929000","curr_hrs":3.0,"store_status":1},{"store_code":453,"store_description":"FairPrice - Punggol Drive","zip":"820612","txn_ts":"2020-04-11 01:59:30.968000","curr_hrs":3.0,"store_status":0},{"store_code":455,"store_description":"FairPrice - Bishan North","zip":"570279","txn_ts":"2020-04-11 01:55:57.420000","curr_hrs":3.0,"store_status":1},{"store_code":456,"store_description":"FairPrice - Lekong Tiga","zip":"410110","txn_ts":"2020-04-11 01:58:45.689000","curr_hrs":3.0,"store_status":1},{"store_code":457,"store_description":"FairPrice - Geylang 38","zip":"389551","txn_ts":"2020-04-11 01:58:51.668000","curr_hrs":3.0,"store_status":1},{"store_code":470,"store_description":"FairPrice - Jalan Kayu","zip":"791447","txn_ts":"2020-04-11 01:58:10.977000","curr_hrs":3.0,"store_status":1},{"store_code":479,"store_description":"FairPrice - Jurong East 345","zip":"600345","txn_ts":"2020-04-11 01:50:20.104000","curr_hrs":3.0,"store_status":1},{"store_code":480,"store_description":"FairPrice Finest - Seletar Mall","zip":"797653","txn_ts":"2020-04-11 01:58:55.372000","curr_hrs":3.0,"store_status":1},{"store_code":482,"store_description":"FairPrice - Seng Kang East","zip":"540279","txn_ts":"2020-04-11 01:54:50.468000","curr_hrs":3.0,"store_status":1},{"store_code":483,"store_description":"FairPrice - Bukit batok West","zip":"650166","txn_ts":"2020-04-11 01:49:47.669000","curr_hrs":3.0,"store_status":1},{"store_code":484,"store_description":"FairPrice Finest - Waterway Point","zip":"828761","txn_ts":"2020-04-11 01:59:58.977000","curr_hrs":3.0,"store_status":1},{"store_code":498,"store_description":"FairPrice - Hillion Mall","zip":"678278","txn_ts":"2020-04-11 01:59:43.941000","curr_hrs":3.0,"store_status":1},{"store_code":499,"store_description":"FairPrice Finest - Yew Tee MRT","zip":"689715","txn_ts":"2020-04-11 01:57:41.728000","curr_hrs":3.0,"store_status":1}]