[{"store_code":301,"store_description":"FairPrice - Tampines HUB","zip":"528523","txn_ts":"2020-04-11 05:59:48.057000","curr_hrs":7.0,"store_status":1},{"store_code":305,"store_description":"FairPrice - Bukit Ho Swee","zip":"160050","txn_ts":"2020-04-11 05:59:05.697000","curr_hrs":7.0,"store_status":1},{"store_code":306,"store_description":"FairPrice - Boon Lay","zip":"640221","txn_ts":"2020-04-11 05:59:59.742000","curr_hrs":7.0,"store_status":1},{"store_code":308,"store_description":"FairPrice - Bedok North A","zip":"460212","txn_ts":"2020-04-11 05:59:48.780000","curr_hrs":7.0,"store_status":1},{"store_code":309,"store_description":"FairPrice - Bedok North B","zip":"460089","txn_ts":"2020-04-11 05:59:58.938000","curr_hrs":7.0,"store_status":1},{"store_code":311,"store_description":"FairPrice - Bedok Reservoir","zip":"470745","txn_ts":"2020-04-11 05:59:14.377000","curr_hrs":7.0,"store_status":1},{"store_code":313,"store_description":"FairPrice Finest - Bukit Timah Plaza","zip":"588996","txn_ts":"2020-04-11 05:58:18.368000","curr_hrs":7.0,"store_status":1},{"store_code":319,"store_description":"FairPrice - Clementi A","zip":"120451","txn_ts":"2020-04-11 05:59:17.892000","curr_hrs":7.0,"store_status":2},{"store_code":320,"store_description":"FairPrice - Clementi B","zip":"120352","txn_ts":"2020-04-11 05:50:47.628000","curr_hrs":7.0,"store_status":1},{"store_code":324,"store_description":"FairPrice - East Point","zip":"528833","txn_ts":"2020-04-11 05:59:00.695000","curr_hrs":7.0,"store_status":1},{"store_code":325,"store_description":"FairPrice - Geylang East","zip":"380114","txn_ts":"2020-04-11 05:59:58.310000","curr_hrs":7.0,"store_status":1},{"store_code":326,"store_description":"FairPrice Finest - Hougang A","zip":"530202","txn_ts":"2020-04-11 05:55:56.557000","curr_hrs":7.0,"store_status":1},{"store_code":327,"store_description":"FairPrice - Hougang B","zip":"530682","txn_ts":"2020-04-11 05:59:57.704000","curr_hrs":7.0,"store_status":3},{"store_code":331,"store_description":"FairPrice - Jurong East","zip":"600135","txn_ts":"2020-04-11 05:59:47.704000","curr_hrs":7.0,"store_status":1},{"store_code":334,"store_description":"FairPrice - Jalan Teck Whye A","zip":"680140","txn_ts":"2020-04-11 05:59:58.838000","curr_hrs":7.0,"store_status":1},{"store_code":335,"store_description":"FairPrice - Jurong West","zip":"640498","txn_ts":"2020-04-11 05:57:35.202000","curr_hrs":7.0,"store_status":1},{"store_code":341,"store_description":"FairPrice - New Upper Changi","zip":"461057","txn_ts":"2020-04-11 05:59:10.925000","curr_hrs":7.0,"store_status":2},{"store_code":348,"store_description":"FairPrice - Ghim Moh","zip":"271029","txn_ts":"2020-04-11 05:59:06.027000","curr_hrs":7.0,"store_status":1},{"store_code":352,"store_description":"FairPrice - Serangoon B","zip":"552152","txn_ts":"2020-04-11 05:59:17.808000","curr_hrs":7.0,"store_status":1},{"store_code":356,"store_description":"FairPrice - Tampines A","zip":"521107","txn_ts":"2020-04-11 05:56:43.975000","curr_hrs":7.0,"store_status":1},{"store_code":357,"store_description":"FairPrice - Tampines B","zip":"520475","txn_ts":"2020-04-11 05:59:20.191000","curr_hrs":7.0,"store_status":1},{"store_code":359,"store_description":"FairPrice - Telok Blangah","zip":"100078","txn_ts":"2020-04-11 05:58:18.724000","curr_hrs":7.0,"store_status":2},{"store_code":360,"store_description":"FairPrice - Teban Garden","zip":"600037","txn_ts":"2020-04-11 05:58:55.445000","curr_hrs":7.0,"store_status":3},{"store_code":361,"store_description":"FairPrice - Tanjong Pagar","zip":"082001","txn_ts":"2020-04-11 05:59:20.801000","curr_hrs":7.0,"store_status":1},{"store_code":363,"store_description":"FairPrice - Taman Jurong","zip":"610399","txn_ts":"2020-04-11 05:59:57.707000","curr_hrs":7.0,"store_status":1},{"store_code":365,"store_description":"FairPrice - Woodlands 888","zip":"730888","txn_ts":"2020-04-11 05:59:30.542000","curr_hrs":7.0,"store_status":1},{"store_code":391,"store_description":"FairPrice - Rivervale Plaza","zip":"540118","txn_ts":"2020-04-11 05:59:59.141000","curr_hrs":7.0,"store_status":1},{"store_code":396,"store_description":"FairPrice - Yishun Ring","zip":"760414","txn_ts":"2020-04-11 05:59:46.342000","curr_hrs":7.0,"store_status":1},{"store_code":398,"store_description":"FairPrice - Khatib","zip":"760849","txn_ts":"2020-04-11 05:59:50.870000","curr_hrs":7.0,"store_status":1},{"store_code":400,"store_description":"FairPrice - Orchard Grand Court","zip":"239571","txn_ts":"2020-04-11 05:59:44.924000","curr_hrs":7.0,"store_status":1},{"store_code":403,"store_description":"FairPrice Finest - Woodgrove","zip":"739065","txn_ts":"2020-04-11 05:53:05.281000","curr_hrs":7.0,"store_status":1},{"store_code":405,"store_description":"FairPrice - Bukit Batok East","zip":"650280","txn_ts":"2020-04-11 05:59:59.577000","curr_hrs":7.0,"store_status":3},{"store_code":406,"store_description":"FairPrice - Senja Grand","zip":"670628","txn_ts":"2020-04-11 05:59:26.481000","curr_hrs":7.0,"store_status":1},{"store_code":407,"store_description":"FairPrice - Dawson","zip":"142057","txn_ts":"2020-04-11 05:59:10.522000","curr_hrs":7.0,"store_status":1},{"store_code":413,"store_description":"FairPrice - Tampines D","zip":"521138","txn_ts":"2020-04-11 05:58:53.693000","curr_hrs":7.0,"store_status":1},{"store_code":414,"store_description":"FairPrice - Chai Chee","zip":"462029","txn_ts":"2020-04-11 05:59:51.730000","curr_hrs":7.0,"store_status":1},{"store_code":415,"store_description":"FairPrice - Serangoon Central","zip":"550253","txn_ts":"2020-04-11 05:59:58.992000","curr_hrs":7.0,"store_status":1},{"store_code":417,"store_description":"FairPrice - Siglap New Market","zip":"459125","txn_ts":"2020-04-11 05:55:42.712000","curr_hrs":7.0,"store_status":1},{"store_code":419,"store_description":"FairPrice - Pasir Ris West Plaza","zip":"510734","txn_ts":"2020-04-11 05:59:00.622000","curr_hrs":7.0,"store_status":1},{"store_code":420,"store_description":"FairPrice Xtra - Ang Mo Kio Hub","zip":"569933","txn_ts":"2020-04-11 05:59:57.530000","curr_hrs":7.0,"store_status":1},{"store_code":426,"store_description":"FairPrice - Jalan Tiga","zip":"390041","txn_ts":"2020-04-11 05:59:37.063000","curr_hrs":7.0,"store_status":2},{"store_code":427,"store_description":"FairPrice - Sembawang 355","zip":"750355","txn_ts":"2020-04-11 05:59:58.746000","curr_hrs":7.0,"store_status":1},{"store_code":431,"store_description":"FairPrice - Compassvale Link","zip":"544277","txn_ts":"2020-04-11 05:58:06.821000","curr_hrs":7.0,"store_status":1},{"store_code":432,"store_description":"FairPrice - Lor Limau","zip":"320080","txn_ts":"2020-04-11 05:59:44.035000","curr_hrs":7.0,"store_status":1},{"store_code":434,"store_description":"FairPrice Xtra - Jurong Point","zip":"648331","txn_ts":"2020-04-11 05:59:55.934000","curr_hrs":7.0,"store_status":1},{"store_code":435,"store_description":"FairPrice - Buona Vista CC","zip":"270036","txn_ts":"2020-04-11 05:59:46.521000","curr_hrs":7.0,"store_status":1},{"store_code":440,"store_description":"FairPrice - Kang Kar","zip":"538767","txn_ts":"2020-04-11 05:58:51.713000","curr_hrs":7.0,"store_status":1},{"store_code":449,"store_description":"FairPrice Xtra - Nex Mall","zip":"556083","txn_ts":"2020-04-11 05:59:57.420000","curr_hrs":7.0,"store_status":1},{"store_code":451,"store_description":"FairPrice Finest - My Village","zip":"556679","txn_ts":"2020-04-11 05:55:18.950000","curr_hrs":7.0,"store_status":1},{"store_code":452,"store_description":"FairPrice - Ang Mo Kio 215","zip":"560215","txn_ts":"2020-04-11 05:50:21.321000","curr_hrs":7.0,"store_status":1},{"store_code":453,"store_description":"FairPrice - Punggol Drive","zip":"820612","txn_ts":"2020-04-11 05:49:16.641000","curr_hrs":7.0,"store_status":1},{"store_code":455,"store_description":"FairPrice - Bishan North","zip":"570279","txn_ts":"2020-04-11 05:56:15.091000","curr_hrs":7.0,"store_status":1},{"store_code":456,"store_description":"FairPrice - Lekong Tiga","zip":"410110","txn_ts":"2020-04-11 05:59:14.722000","curr_hrs":7.0,"store_status":1},{"store_code":457,"store_description":"FairPrice - Geylang 38","zip":"389551","txn_ts":"2020-04-11 05:59:55.727000","curr_hrs":7.0,"store_status":1},{"store_code":470,"store_description":"FairPrice - Jalan Kayu","zip":"791447","txn_ts":"2020-04-11 05:59:38.859000","curr_hrs":7.0,"store_status":1},{"store_code":479,"store_description":"FairPrice - Jurong East 345","zip":"600345","txn_ts":"2020-04-11 05:59:36.138000","curr_hrs":7.0,"store_status":2},{"store_code":480,"store_description":"FairPrice Finest - Seletar Mall","zip":"797653","txn_ts":"2020-04-11 05:57:48.489000","curr_hrs":7.0,"store_status":1},{"store_code":482,"store_description":"FairPrice - Seng Kang East","zip":"540279","txn_ts":"2020-04-11 05:59:39.654000","curr_hrs":7.0,"store_status":1},{"store_code":483,"store_description":"FairPrice - Bukit batok West","zip":"650166","txn_ts":"2020-04-11 05:57:46.411000","curr_hrs":7.0,"store_status":3},{"store_code":484,"store_description":"FairPrice Finest - Waterway Point","zip":"828761","txn_ts":"2020-04-11 05:58:47.069000","curr_hrs":7.0,"store_status":1},{"store_code":498,"store_description":"FairPrice - Hillion Mall","zip":"678278","txn_ts":"2020-04-11 05:59:53.157000","curr_hrs":7.0,"store_status":1},{"store_code":499,"store_description":"FairPrice Finest - Yew Tee MRT","zip":"689715","txn_ts":"2020-04-11 05:59:05.681000","curr_hrs":7.0,"store_status":1}]